sample_idx,cycle_idx,pose_idx,pose_name,j1,j2,j3,j4,gripper,robot_u,robot_v,robot_d,robot_conf,robot_bbox,image_path
1,1,1,grid_01_j1_-0.55_j2_-1.05_j3_+0.85,0.6059224009513855,1.0814564228057861,-0.6887573599815369,-0.4770680367946625,-1.7626196495257318e-05,493,292,0.7410000443458558,0.9181876182556152,"[427.88140869140625, 240.69554138183594, 559.5535278320312, 343.9498291015625]",src/CALIBRATION/robot_camera_calibration_samples/2026-06-15_05-23-00/sample_0001_cycle_01_pose_01_grid_01_j1_-0.55_j2_-1.05_j3_+0.85.jpg
2,1,1,grid_01_j1_-0.55_j2_-1.05_j3_+0.85,0.41724276542663574,0.7531845569610596,-0.45099034905433655,-0.4601942300796509,-1.7626196495257318e-05,494,292,0.7420000314712525,0.9269173741340637,"[428.41717529296875, 240.0721435546875, 559.616455078125, 344.59307861328125]",src/CALIBRATION/robot_camera_calibration_samples/2026-06-15_05-23-00/sample_0002_cycle_01_pose_01_grid_01_j1_-0.55_j2_-1.05_j3_+0.85.jpg
3,1,1,grid_01_j1_-0.55_j2_-1.05_j3_+0.85,0.21015536785125732,0.3543495535850525,-0.1702718734741211,-0.43718451261520386,-1.7626196495257318e-05,449,244,0.7170000553131104,0.9188136458396912,"[380.2366943359375, 195.44198608398438, 518.9571533203125, 293.8203430175781]",src/CALIBRATION/robot_camera_calibration_samples/2026-06-15_05-23-00/sample_0003_cycle_01_pose_01_grid_01_j1_-0.55_j2_-1.05_j3_+0.85.jpg
4,1,1,grid_01_j1_-0.55_j2_-1.05_j3_+0.85,0.0015339808305725455,-0.03528155758976936,0.1089126393198967,-0.4141748249530792,-1.7626196495257318e-05,374,184,0.709000039100647,0.8546010255813599,"[301.66766357421875, 139.10858154296875, 447.85858154296875, 229.76266479492188]",src/CALIBRATION/robot_camera_calibration_samples/2026-06-15_05-23-00/sample_0004_cycle_01_pose_01_grid_01_j1_-0.55_j2_-1.05_j3_+0.85.jpg
5,1,1,grid_01_j1_-0.55_j2_-1.05_j3_+0.85,-0.20555342733860016,-0.424912691116333,0.3850291669368744,-0.3880971372127533,-1.7626196495257318e-05,324,144,0.7420000314712525,0.9321130514144897,"[266.5167236328125, 100.81554412841797, 383.3780517578125, 187.3856201171875]",src/CALIBRATION/robot_camera_calibration_samples/2026-06-15_05-23-00/sample_0005_cycle_01_pose_01_grid_01_j1_-0.55_j2_-1.05_j3_+0.85.jpg
6,1,1,grid_01_j1_-0.55_j2_-1.05_j3_+0.85,-0.41264083981513977,-0.809941828250885,0.6611457467079163,-0.3681553900241852,-1.7626196495257318e-05,288,126,0.7920000433921814,0.9335514903068542,"[232.71832275390625, 84.65638732910156, 345.27996826171875, 168.6817626953125]",src/CALIBRATION/robot_camera_calibration_samples/2026-06-15_05-23-00/sample_0006_cycle_01_pose_01_grid_01_j1_-0.55_j2_-1.05_j3_+0.85.jpg
7,1,2,grid_02_j1_-0.55_j2_-1.05_j3_+1.05,-0.5614369511604309,-1.0921943187713623,0.8636311888694763,-0.35128161311149597,-1.7626196495257318e-05,273,122,0.8320000648498536,0.9201191067695618,"[213.74453735351562, 86.85310363769531, 333.8678894042969, 158.22552490234375]",src/CALIBRATION/robot_camera_calibration_samples/2026-06-15_05-23-00/sample_0007_cycle_01_pose_02_grid_02_j1_-0.55_j2_-1.05_j3_+1.05.jpg
8,1,2,grid_02_j1_-0.55_j2_-1.05_j3_+1.05,-0.558368980884552,-1.0722525119781494,0.9219224452972412,-0.35281556844711304,-1.7626196495257318e-05,273,129,0.8430000424385071,0.9171213507652283,"[216.65032958984375, 98.25546264648438, 329.42413330078125, 161.65130615234375]",src/CALIBRATION/robot_camera_calibration_samples/2026-06-15_05-23-00/sample_0008_cycle_01_pose_02_grid_02_j1_-0.55_j2_-1.05_j3_+1.05.jpg
9,1,2,grid_02_j1_-0.55_j2_-1.05_j3_+1.05,-0.5568350553512573,-1.0661166906356812,0.9526020884513855,-0.35281556844711304,-3.5252818634035066e-05,269,139,0.8410000085830689,0.9159052968025208,"[212.92178344726562, 105.19347381591797, 326.1907043457031, 172.81011962890625]",src/CALIBRATION/robot_camera_calibration_samples/2026-06-15_05-23-00/sample_0009_cycle_01_pose_02_grid_02_j1_-0.55_j2_-1.05_j3_+1.05.jpg
10,1,2,grid_02_j1_-0.55_j2_-1.05_j3_+1.05,-0.5537670850753784,-1.0599807500839233,0.9863496422767639,-0.35281556844711304,-1.7626196495257318e-05,269,142,0.8450000166893006,0.9260262846946716,"[211.7578125, 108.03524780273438, 326.766845703125, 177.3858642578125]",src/CALIBRATION/robot_camera_calibration_samples/2026-06-15_05-23-00/sample_0010_cycle_01_pose_02_grid_02_j1_-0.55_j2_-1.05_j3_+1.05.jpg
11,1,2,grid_02_j1_-0.55_j2_-1.05_j3_+1.05,-0.5537670850753784,-1.0569127798080444,1.020097255706787,-0.35281556844711304,-1.7626196495257318e-05,268,147,0.8310000181198121,0.9394739270210266,"[211.06918334960938, 112.78982543945312, 326.2141418457031, 182.75387573242188]",src/CALIBRATION/robot_camera_calibration_samples/2026-06-15_05-23-00/sample_0011_cycle_01_pose_02_grid_02_j1_-0.55_j2_-1.05_j3_+1.05.jpg
12,1,2,grid_02_j1_-0.55_j2_-1.05_j3_+1.05,-0.5506991147994995,-1.0507768392562866,1.0507768392562866,-0.35281556844711304,-1.7626196495257318e-05,267,152,0.865000057220459,0.936400294303894,"[209.7621612548828, 117.31356811523438, 325.29522705078125, 187.79428100585938]",src/CALIBRATION/robot_camera_calibration_samples/2026-06-15_05-23-00/sample_0012_cycle_01_pose_02_grid_02_j1_-0.55_j2_-1.05_j3_+1.05.jpg
13,1,3,grid_03_j1_-0.55_j2_-1.05_j3_+1.25,-0.5506991147994995,-1.052310824394226,1.0507768392562866,-0.35281556844711304,-1.7626196495257318e-05,267,157,0.8620000362396241,0.9359641075134277,"[209.9222412109375, 121.58707427978516, 324.82763671875, 192.76083374023438]",src/CALIBRATION/robot_camera_calibration_samples/2026-06-15_05-23-00/sample_0013_cycle_01_pose_03_grid_03_j1_-0.55_j2_-1.05_j3_+1.25.jpg
14,1,3,grid_03_j1_-0.55_j2_-1.05_j3_+1.25,-0.5506991147994995,-1.052310824394226,1.0507768392562866,-0.35281556844711304,-1.7626196495257318e-05,267,157,0.8510000586509705,0.934406578540802,"[209.92416381835938, 121.57951354980469, 324.6625671386719, 192.6331024169922]",src/CALIBRATION/robot_camera_calibration_samples/2026-06-15_05-23-00/sample_0014_cycle_01_pose_03_grid_03_j1_-0.55_j2_-1.05_j3_+1.25.jpg
15,1,3,grid_03_j1_-0.55_j2_-1.05_j3_+1.25,-0.5506991147994995,-1.052310824394226,1.0829904079437256,-0.35281556844711304,-1.7626196495257318e-05,267,157,0.850000011920929,0.9329472184181213,"[209.9832000732422, 121.48551940917969, 324.82073974609375, 192.7349090576172]",src/CALIBRATION/robot_camera_calibration_samples/2026-06-15_05-23-00/sample_0015_cycle_01_pose_03_grid_03_j1_-0.55_j2_-1.05_j3_+1.25.jpg
16,1,3,grid_03_j1_-0.55_j2_-1.05_j3_+1.25,-0.5506991147994995,-1.052310824394226,1.119805932044983,-0.35281556844711304,-1.7626196495257318e-05,266,161,0.853000032901764,0.9227316379547119,"[210.23089599609375, 125.40745544433594, 323.7269287109375, 197.58656311035156]",src/CALIBRATION/robot_camera_calibration_samples/2026-06-15_05-23-00/sample_0016_cycle_01_pose_03_grid_03_j1_-0.55_j2_-1.05_j3_+1.25.jpg
17,1,3,grid_03_j1_-0.55_j2_-1.05_j3_+1.25,-0.5506991147994995,-1.052310824394226,1.1550875902175903,-0.35281556844711304,-1.7626196495257318e-05,266,166,0.8800000429153443,0.9219141006469727,"[210.20492553710938, 130.58425903320312, 322.2528991699219, 203.24331665039062]",src/CALIBRATION/robot_camera_calibration_samples/2026-06-15_05-23-00/sample_0017_cycle_01_pose_03_grid_03_j1_-0.55_j2_-1.05_j3_+1.25.jpg
18,1,3,grid_03_j1_-0.55_j2_-1.05_j3_+1.25,-0.5506991147994995,-1.052310824394226,1.2103108167648315,-0.35281556844711304,-1.7626196495257318e-05,265,172,0.8820000171661377,0.8872514963150024,"[210.64707946777344, 137.58717346191406, 320.795166015625, 207.78004455566406]",src/CALIBRATION/robot_camera_calibration_samples/2026-06-15_05-23-00/sample_0018_cycle_01_pose_03_grid_03_j1_-0.55_j2_-1.05_j3_+1.25.jpg
19,1,4,grid_04_j1_-0.55_j2_-0.85_j3_+0.85,-0.5506991147994995,-1.052310824394226,1.2455923557281494,-0.35281556844711304,-1.7626196495257318e-05,264,180,0.8860000252723694,0.8939803242683411,"[211.5870819091797, 144.41998291015625, 316.90032958984375, 216.39068603515625]",src/CALIBRATION/robot_camera_calibration_samples/2026-06-15_05-23-00/sample_0019_cycle_01_pose_04_grid_04_j1_-0.55_j2_-0.85_j3_+0.85.jpg
20,1,4,grid_04_j1_-0.55_j2_-0.85_j3_+0.85,-0.5506991147994995,-1.0154953002929688,1.179631233215332,-0.35281556844711304,-1.7626196495257318e-05,284,186,0.8640000104904175,0.8804506659507751,"[211.52261352539062, 149.59698486328125, 357.2441101074219, 222.59027099609375]",src/CALIBRATION/robot_camera_calibration_samples/2026-06-15_05-23-00/sample_0020_cycle_01_pose_04_grid_04_j1_-0.55_j2_-0.85_j3_+0.85.jpg
21,1,4,grid_04_j1_-0.55_j2_-0.85_j3_+0.85,-0.5506991147994995,-0.9786797165870667,1.1029322147369385,-0.35281556844711304,-1.7626196495257318e-05,264,179,0.8880000591278077,0.8855563402175903,"[209.5845947265625, 143.95974731445312, 318.73956298828125, 215.47860717773438]",src/CALIBRATION/robot_camera_calibration_samples/2026-06-15_05-23-00/sample_0021_cycle_01_pose_04_grid_04_j1_-0.55_j2_-0.85_j3_+0.85.jpg
22,1,4,grid_04_j1_-0.55_j2_-0.85_j3_+0.85,-0.5506991147994995,-0.9433981776237488,1.026233196258545,-0.35281556844711304,-1.7626196495257318e-05,261,170,0.8800000429153443,0.8850346803665161,"[207.60340881347656, 134.94041442871094, 315.17431640625, 206.73680114746094]",src/CALIBRATION/robot_camera_calibration_samples/2026-06-15_05-23-00/sample_0022_cycle_01_pose_04_grid_04_j1_-0.55_j2_-0.85_j3_+0.85.jpg
23,1,4,grid_04_j1_-0.55_j2_-0.85_j3_+0.85,-0.5506991147994995,-0.9065826535224915,0.9572039842605591,-0.35281556844711304,-1.7626196495257318e-05,261,162,0.8750000476837159,0.9128684997558594,"[205.00222778320312, 125.7070541381836, 318.2663879394531, 198.87875366210938]",src/CALIBRATION/robot_camera_calibration_samples/2026-06-15_05-23-00/sample_0023_cycle_01_pose_04_grid_04_j1_-0.55_j2_-0.85_j3_+0.85.jpg
24,1,4,grid_04_j1_-0.55_j2_-0.85_j3_+0.85,-0.5506991147994995,-0.8636311888694763,0.8728350400924683,-0.35281556844711304,-1.7626196495257318e-05,260,155,0.853000032901764,0.9097017049789429,"[203.47662353515625, 118.8101806640625, 318.09637451171875, 192.56881713867188]",src/CALIBRATION/robot_camera_calibration_samples/2026-06-15_05-23-00/sample_0024_cycle_01_pose_04_grid_04_j1_-0.55_j2_-0.85_j3_+0.85.jpg
25,1,4,grid_04_j1_-0.55_j2_-0.85_j3_+0.85,-0.5506991147994995,-0.8513593077659607,0.8482913970947266,-0.35281556844711304,-1.7626196495257318e-05,260,147,0.8320000648498536,0.9206884503364563,"[201.4302215576172, 110.79324340820312, 318.74981689453125, 183.71389770507812]",src/CALIBRATION/robot_camera_calibration_samples/2026-06-15_05-23-00/sample_0025_cycle_01_pose_04_grid_04_j1_-0.55_j2_-0.85_j3_+0.85.jpg
26,1,5,grid_05_j1_-0.55_j2_-0.85_j3_+1.05,-0.5506991147994995,-0.8513593077659607,0.8482913970947266,-0.35281556844711304,-1.7626196495257318e-05,259,144,0.8280000567436219,0.9135521650314331,"[200.219970703125, 107.72132110595703, 318.4124755859375, 180.780029296875]",src/CALIBRATION/robot_camera_calibration_samples/2026-06-15_05-23-00/sample_0026_cycle_01_pose_05_grid_05_j1_-0.55_j2_-0.85_j3_+1.05.jpg
27,1,5,grid_05_j1_-0.55_j2_-0.85_j3_+1.05,-0.5506991147994995,-0.8513593077659607,0.8682331442832947,-0.35281556844711304,-1.7626196495257318e-05,259,144,0.837000060081482,0.9148076772689819,"[200.248046875, 107.7827377319336, 318.4747314453125, 180.94271850585938]",src/CALIBRATION/robot_camera_calibration_samples/2026-06-15_05-23-00/sample_0027_cycle_01_pose_05_grid_05_j1_-0.55_j2_-0.85_j3_+1.05.jpg
28,1,5,grid_05_j1_-0.55_j2_-0.85_j3_+1.05,-0.5506991147994995,-0.8513593077659607,0.9111846089363098,-0.35281556844711304,-1.7626196495257318e-05,259,146,0.8330000519752503,0.9175049066543579,"[200.1680908203125, 110.27679443359375, 318.41680908203125, 183.67388916015625]",src/CALIBRATION/robot_camera_calibration_samples/2026-06-15_05-23-00/sample_0028_cycle_01_pose_05_grid_05_j1_-0.55_j2_-0.85_j3_+1.05.jpg
29,1,5,grid_05_j1_-0.55_j2_-0.85_j3_+1.05,-0.5506991147994995,-0.8513593077659607,0.9480001330375671,-0.35281556844711304,-1.7626196495257318e-05,258,153,0.8480000376701355,0.9060661792755127,"[200.33265686035156, 115.91926574707031, 315.8172607421875, 190.7498321533203]",src/CALIBRATION/robot_camera_calibration_samples/2026-06-15_05-23-00/sample_0029_cycle_01_pose_05_grid_05_j1_-0.55_j2_-0.85_j3_+1.05.jpg
30,1,5,grid_05_j1_-0.55_j2_-0.85_j3_+1.05,-0.5506991147994995,-0.8513593077659607,0.9863496422767639,-0.35281556844711304,-1.7626196495257318e-05,257,158,0.8580000281333924,0.9042790532112122,"[200.38050842285156, 120.87786865234375, 313.7293701171875, 195.63870239257812]",src/CALIBRATION/robot_camera_calibration_samples/2026-06-15_05-23-00/sample_0030_cycle_01_pose_05_grid_05_j1_-0.55_j2_-0.85_j3_+1.05.jpg
31,1,5,grid_05_j1_-0.55_j2_-0.85_j3_+1.05,-0.5506991147994995,-0.8528932929039001,1.0308350324630737,-0.35281556844711304,-3.5252818634035066e-05,257,164,0.865000057220459,0.9190863966941833,"[201.627197265625, 127.13739013671875, 312.53411865234375, 201.82855224609375]",src/CALIBRATION/robot_camera_calibration_samples/2026-06-15_05-23-00/sample_0031_cycle_01_pose_05_grid_05_j1_-0.55_j2_-0.85_j3_+1.05.jpg
32,1,5,grid_05_j1_-0.55_j2_-0.85_j3_+1.05,-0.5506991147994995,-0.8528932929039001,1.0308350324630737,-0.35281556844711304,-3.5252818634035066e-05,257,171,0.8690000653266907,0.9119201898574829,"[201.99998474121094, 134.83114624023438, 312.666259765625, 207.83230590820312]",src/CALIBRATION/robot_camera_calibration_samples/2026-06-15_05-23-00/sample_0032_cycle_01_pose_05_grid_05_j1_-0.55_j2_-0.85_j3_+1.05.jpg
33,1,6,grid_06_j1_-0.55_j2_-0.85_j3_+1.25,-0.5506991147994995,-0.8528932929039001,1.0538448095321655,-0.35281556844711304,-1.7626196495257318e-05,257,174,0.8720000267028809,0.928345799446106,"[202.94419860839844, 138.364501953125, 312.860595703125, 211.5406494140625]",src/CALIBRATION/robot_camera_calibration_samples/2026-06-15_05-23-00/sample_0033_cycle_01_pose_06_grid_06_j1_-0.55_j2_-0.85_j3_+1.25.jpg
34,1,6,grid_06_j1_-0.55_j2_-0.85_j3_+1.25,-0.5506991147994995,-0.8528932929039001,1.0906603336334229,-0.35281556844711304,-1.7626196495257318e-05,258,175,0.8720000267028809,0.9311785101890564,"[202.8542938232422, 139.04647827148438, 313.52862548828125, 211.62261962890625]",src/CALIBRATION/robot_camera_calibration_samples/2026-06-15_05-23-00/sample_0034_cycle_01_pose_06_grid_06_j1_-0.55_j2_-0.85_j3_+1.25.jpg
35,1,6,grid_06_j1_-0.55_j2_-0.85_j3_+1.25,-0.5506991147994995,-0.8544272780418396,1.133611798286438,-0.35281556844711304,-1.7626196495257318e-05,258,180,0.8760000348091126,0.9210024476051331,"[203.73977661132812, 143.62301635742188, 313.6019592285156, 217.99307250976562]",src/CALIBRATION/robot_camera_calibration_samples/2026-06-15_05-23-00/sample_0035_cycle_01_pose_06_grid_06_j1_-0.55_j2_-0.85_j3_+1.25.jpg
36,1,6,grid_06_j1_-0.55_j2_-0.85_j3_+1.25,-0.5506991147994995,-0.8544272780418396,1.1704273223876953,-0.35281556844711304,-1.7626196495257318e-05,260,187,0.8760000348091126,0.9281564354896545,"[205.74356079101562, 148.7562255859375, 314.7267150878906, 226.14468383789062]",src/CALIBRATION/robot_camera_calibration_samples/2026-06-15_05-23-00/sample_0036_cycle_01_pose_06_grid_06_j1_-0.55_j2_-0.85_j3_+1.25.jpg
37,1,6,grid_06_j1_-0.55_j2_-0.85_j3_+1.25,-0.5506991147994995,-0.8544272780418396,1.2057088613510132,-0.35281556844711304,-1.7626196495257318e-05,260,193,0.8830000638961792,0.9496855735778809,"[206.45692443847656, 153.12762451171875, 315.3519287109375, 232.91326904296875]",src/CALIBRATION/robot_camera_calibration_samples/2026-06-15_05-23-00/sample_0037_cycle_01_pose_06_grid_06_j1_-0.55_j2_-0.85_j3_+1.25.jpg
38,1,6,grid_06_j1_-0.55_j2_-0.85_j3_+1.25,-0.5506991147994995,-0.8544272780418396,1.2394565343856812,-0.35281556844711304,-1.7626196495257318e-05,262,198,0.8820000171661377,0.9362475872039795,"[208.0244140625, 157.91925048828125, 317.355712890625, 239.75552368164062]",src/CALIBRATION/robot_camera_calibration_samples/2026-06-15_05-23-00/sample_0038_cycle_01_pose_06_grid_06_j1_-0.55_j2_-0.85_j3_+1.25.jpg
39,1,7,grid_07_j1_-0.55_j2_-0.65_j3_+0.85,-0.5506991147994995,-0.8528932929039001,1.2486603260040283,-0.35281556844711304,-1.7626196495257318e-05,263,203,0.8850000381469727,0.9304901957511902,"[208.9663848876953, 163.2576904296875, 318.69561767578125, 243.66754150390625]",src/CALIBRATION/robot_camera_calibration_samples/2026-06-15_05-23-00/sample_0039_cycle_01_pose_07_grid_07_j1_-0.55_j2_-0.65_j3_+0.85.jpg
40,1,7,grid_07_j1_-0.55_j2_-0.65_j3_+0.85,-0.5506991147994995,-0.8176117539405823,1.1857671737670898,-0.35281556844711304,-1.7626196495257318e-05,263,205,0.8830000638961792,0.9305228590965271,"[209.15936279296875, 164.6873779296875, 318.24041748046875, 245.991943359375]",src/CALIBRATION/robot_camera_calibration_samples/2026-06-15_05-23-00/sample_0040_cycle_01_pose_07_grid_07_j1_-0.55_j2_-0.65_j3_+0.85.jpg
41,1,7,grid_07_j1_-0.55_j2_-0.65_j3_+0.85,-0.5506991147994995,-0.7792622447013855,1.1090681552886963,-0.35281556844711304,-1.7626196495257318e-05,260,200,0.8780000686645508,0.9259898662567139,"[207.2334747314453, 159.8330078125, 314.23785400390625, 241.4583740234375]",src/CALIBRATION/robot_camera_calibration_samples/2026-06-15_05-23-00/sample_0041_cycle_01_pose_07_grid_07_j1_-0.55_j2_-0.65_j3_+0.85.jpg
42,1,7,grid_07_j1_-0.55_j2_-0.65_j3_+0.85,-0.5506991147994995,-0.7455146908760071,1.0308350324630737,-0.35281556844711304,-1.7626196495257318e-05,257,192,0.8770000219345093,0.9473581314086914,"[203.0334930419922, 151.79568481445312, 311.43023681640625, 232.40975952148438]",src/CALIBRATION/robot_camera_calibration_samples/2026-06-15_05-23-00/sample_0042_cycle_01_pose_07_grid_07_j1_-0.55_j2_-0.65_j3_+0.85.jpg
43,1,7,grid_07_j1_-0.55_j2_-0.65_j3_+0.85,-0.5506991147994995,-0.708699107170105,0.9648739099502563,-0.35281556844711304,-1.7626196495257318e-05,255,183,0.865000057220459,0.9344338774681091,"[199.82498168945312, 145.22882080078125, 311.24462890625, 221.73199462890625]",src/CALIBRATION/robot_camera_calibration_samples/2026-06-15_05-23-00/sample_0043_cycle_01_pose_07_grid_07_j1_-0.55_j2_-0.65_j3_+0.85.jpg
44,1,7,grid_07_j1_-0.55_j2_-0.65_j3_+0.85,-0.5506991147994995,-0.6672816276550293,0.8789709806442261,-0.35281556844711304,-1.7626196495257318e-05,253,177,0.8550000667572022,0.9276483654975891,"[196.7474365234375, 139.90182495117188, 310.7920837402344, 215.00045776367188]",src/CALIBRATION/robot_camera_calibration_samples/2026-06-15_05-23-00/sample_0044_cycle_01_pose_07_grid_07_j1_-0.55_j2_-0.65_j3_+0.85.jpg
45,1,7,grid_07_j1_-0.55_j2_-0.65_j3_+0.85,-0.5506991147994995,-0.6488738656044006,0.8482913970947266,-0.35281556844711304,-1.7626196495257318e-05,249,168,0.8510000586509705,0.9250627756118774,"[191.95318603515625, 130.10934448242188, 306.1566162109375, 206.77481079101562]",src/CALIBRATION/robot_camera_calibration_samples/2026-06-15_05-23-00/sample_0045_cycle_01_pose_07_grid_07_j1_-0.55_j2_-0.65_j3_+0.85.jpg
46,1,8,grid_08_j1_-0.55_j2_-0.65_j3_+1.05,-0.5506991147994995,-0.6488738656044006,0.8482913970947266,-0.35281556844711304,-1.7626196495257318e-05,247,165,0.8510000586509705,0.9139574766159058,"[190.23049926757812, 127.59955596923828, 305.29595947265625, 204.06134033203125]",src/CALIBRATION/robot_camera_calibration_samples/2026-06-15_05-23-00/sample_0046_cycle_01_pose_08_grid_08_j1_-0.55_j2_-0.65_j3_+1.05.jpg
47,1,8,grid_08_j1_-0.55_j2_-0.65_j3_+1.05,-0.5506991147994995,-0.6488738656044006,0.8651651740074158,-0.35281556844711304,-1.7626196495257318e-05,247,165,0.853000032901764,0.9150369763374329,"[190.16940307617188, 127.5943832397461, 304.9215393066406, 204.07162475585938]",src/CALIBRATION/robot_camera_calibration_samples/2026-06-15_05-23-00/sample_0047_cycle_01_pose_08_grid_08_j1_-0.55_j2_-0.65_j3_+1.05.jpg
48,1,8,grid_08_j1_-0.55_j2_-0.65_j3_+1.05,-0.5506991147994995,-0.6488738656044006,0.9065826535224915,-0.35281556844711304,-1.7626196495257318e-05,248,168,0.850000011920929,0.9246050715446472,"[191.18246459960938, 129.34677124023438, 305.9241943359375, 206.87844848632812]",src/CALIBRATION/robot_camera_calibration_samples/2026-06-15_05-23-00/sample_0048_cycle_01_pose_08_grid_08_j1_-0.55_j2_-0.65_j3_+1.05.jpg
49,1,8,grid_08_j1_-0.55_j2_-0.65_j3_+1.05,-0.5506991147994995,-0.6488738656044006,0.954136073589325,-0.35281556844711304,-1.7626196495257318e-05,250,175,0.8520000457763672,0.9362921118736267,"[192.64138793945312, 137.2564239501953, 307.8365783691406, 212.8838653564453]",src/CALIBRATION/robot_camera_calibration_samples/2026-06-15_05-23-00/sample_0049_cycle_01_pose_08_grid_08_j1_-0.55_j2_-0.65_j3_+1.05.jpg
50,1,8,grid_08_j1_-0.55_j2_-0.65_j3_+1.05,-0.5506991147994995,-0.6488738656044006,1.0108933448791504,-0.35281556844711304,-1.7626196495257318e-05,251,183,0.8550000667572022,0.9352458119392395,"[194.61886596679688, 143.5950469970703, 308.9152526855469, 223.03797912597656]",src/CALIBRATION/robot_camera_calibration_samples/2026-06-15_05-23-00/sample_0050_cycle_01_pose_08_grid_08_j1_-0.55_j2_-0.65_j3_+1.05.jpg
51,1,8,grid_08_j1_-0.55_j2_-0.65_j3_+1.05,-0.5491651296615601,-0.6488738656044006,1.0477088689804077,-0.35281556844711304,-1.7626196495257318e-05,251,193,0.8620000362396241,0.9536494016647339,"[196.37777709960938, 151.24957275390625, 307.3199157714844, 235.48553466796875]",src/CALIBRATION/robot_camera_calibration_samples/2026-06-15_05-23-00/sample_0051_cycle_01_pose_08_grid_08_j1_-0.55_j2_-0.65_j3_+1.05.jpg
52,1,9,grid_09_j1_-0.55_j2_-0.65_j3_+1.25,-0.5506991147994995,-0.6504078507423401,1.0477088689804077,-0.35281556844711304,-1.7626196495257318e-05,253,198,0.8620000362396241,0.9227703213691711,"[197.31982421875, 156.41134643554688, 309.4200439453125, 240.04443359375]",src/CALIBRATION/robot_camera_calibration_samples/2026-06-15_05-23-00/sample_0052_cycle_01_pose_09_grid_09_j1_-0.55_j2_-0.65_j3_+1.25.jpg
53,1,9,grid_09_j1_-0.55_j2_-0.65_j3_+1.25,-0.5506991147994995,-0.6504078507423401,1.0783884525299072,-0.35281556844711304,-1.7626196495257318e-05,253,198,0.8620000362396241,0.9225702285766602,"[197.24029541015625, 156.32347106933594, 309.70306396484375, 240.8501739501953]",src/CALIBRATION/robot_camera_calibration_samples/2026-06-15_05-23-00/sample_0053_cycle_01_pose_09_grid_09_j1_-0.55_j2_-0.65_j3_+1.25.jpg
54,1,9,grid_09_j1_-0.55_j2_-0.65_j3_+1.25,-0.5506991147994995,-0.6504078507423401,1.116737961769104,-0.35281556844711304,-1.7626196495257318e-05,254,202,0.8690000653266907,0.9310656189918518,"[198.72900390625, 160.17298889160156, 309.39019775390625, 245.5102996826172]",src/CALIBRATION/robot_camera_calibration_samples/2026-06-15_05-23-00/sample_0054_cycle_01_pose_09_grid_09_j1_-0.55_j2_-0.65_j3_+1.25.jpg
55,1,9,grid_09_j1_-0.55_j2_-0.65_j3_+1.25,-0.5506991147994995,-0.6504078507423401,1.1520196199417114,-0.35281556844711304,-1.7626196495257318e-05,255,210,0.8670000314712525,0.9462252855300903,"[200.18679809570312, 165.37887573242188, 311.59136962890625, 255.54983520507812]",src/CALIBRATION/robot_camera_calibration_samples/2026-06-15_05-23-00/sample_0055_cycle_01_pose_09_grid_09_j1_-0.55_j2_-0.65_j3_+1.25.jpg
56,1,9,grid_09_j1_-0.55_j2_-0.65_j3_+1.25,-0.5506991147994995,-0.6504078507423401,1.196505069732666,-0.35281556844711304,-1.7626196495257318e-05,256,214,0.8750000476837159,0.9427655339241028,"[202.41543579101562, 170.4501953125, 311.2766418457031, 259.2748107910156]",src/CALIBRATION/robot_camera_calibration_samples/2026-06-15_05-23-00/sample_0056_cycle_01_pose_09_grid_09_j1_-0.55_j2_-0.65_j3_+1.25.jpg
57,1,9,grid_09_j1_-0.55_j2_-0.65_j3_+1.25,-0.5506991147994995,-0.6504078507423401,1.2379225492477417,-0.35281556844711304,-1.7626196495257318e-05,258,221,0.8750000476837159,0.9375779032707214,"[205.421630859375, 176.85418701171875, 311.90362548828125, 266.25103759765625]",src/CALIBRATION/robot_camera_calibration_samples/2026-06-15_05-23-00/sample_0057_cycle_01_pose_09_grid_09_j1_-0.55_j2_-0.65_j3_+1.25.jpg
58,1,9,grid_09_j1_-0.55_j2_-0.65_j3_+1.25,-0.5506991147994995,-0.6504078507423401,1.2486603260040283,-0.35281556844711304,4.259199937184377e-10,260,228,0.8820000171661377,0.929008960723877,"[206.77548217773438, 182.76516723632812, 313.4422302246094, 275.1918640136719]",src/CALIBRATION/robot_camera_calibration_samples/2026-06-15_05-23-00/sample_0058_cycle_01_pose_09_grid_09_j1_-0.55_j2_-0.65_j3_+1.25.jpg
59,1,10,grid_10_j1_+0.00_j2_-1.05_j3_+0.85,-0.5506991147994995,-0.6504078507423401,1.2486603260040283,-0.35281556844711304,-1.7626196495257318e-05,260,230,0.8850000381469727,0.9220608472824097,"[207.05258178710938, 184.31671142578125, 313.1918640136719, 276.1910095214844]",src/CALIBRATION/robot_camera_calibration_samples/2026-06-15_05-23-00/sample_0059_cycle_01_pose_10_grid_10_j1_+0.00_j2_-1.05_j3_+0.85.jpg
60,1,10,grid_10_j1_+0.00_j2_-1.05_j3_+0.85,-0.5506991147994995,-0.6504078507423401,1.2486603260040283,-0.35281556844711304,-1.7626196495257318e-05,260,230,0.8860000252723694,0.9235892295837402,"[207.1273193359375, 184.35946655273438, 313.21527099609375, 276.08111572265625]",src/CALIBRATION/robot_camera_calibration_samples/2026-06-15_05-23-00/sample_0060_cycle_01_pose_10_grid_10_j1_+0.00_j2_-1.05_j3_+0.85.jpg
61,1,10,grid_10_j1_+0.00_j2_-1.05_j3_+0.85,-0.5215534567832947,-0.6734175682067871,1.240990400314331,-0.35281556844711304,-1.7626196495257318e-05,260,230,0.8860000252723694,0.9214658737182617,"[207.0205078125, 184.29864501953125, 313.71527099609375, 276.5047607421875]",src/CALIBRATION/robot_camera_calibration_samples/2026-06-15_05-23-00/sample_0061_cycle_01_pose_10_grid_10_j1_+0.00_j2_-1.05_j3_+0.85.jpg
62,1,10,grid_10_j1_+0.00_j2_-1.05_j3_+0.85,-0.4218447208404541,-0.7470486164093018,1.1581554412841797,-0.35281556844711304,4.259199937184377e-10,262,227,0.881000030040741,0.9291695952415466,"[210.18246459960938, 180.98382568359375, 314.4004211425781, 273.423828125]",src/CALIBRATION/robot_camera_calibration_samples/2026-06-15_05-23-00/sample_0062_cycle_01_pose_10_grid_10_j1_+0.00_j2_-1.05_j3_+0.85.jpg
63,1,10,grid_10_j1_+0.00_j2_-1.05_j3_+0.85,-0.3037281930446625,-0.832951545715332,1.0707186460494995,-0.35281556844711304,-1.7626196495257318e-05,269,205,0.8690000653266907,0.9374229311943054,"[216.41519165039062, 163.1895751953125, 322.9604797363281, 248.1256103515625]",src/CALIBRATION/robot_camera_calibration_samples/2026-06-15_05-23-00/sample_0063_cycle_01_pose_10_grid_10_j1_+0.00_j2_-1.05_j3_+0.85.jpg
64,1,10,grid_10_j1_+0.00_j2_-1.05_j3_+0.85,-0.2040194422006607,-0.9081166386604309,0.9955535531044006,-0.35281556844711304,-1.7626196495257318e-05,284,179,0.8560000538825989,0.9379336833953857,"[230.75779724121094, 142.7643585205078, 337.899658203125, 217.22117614746094]",src/CALIBRATION/robot_camera_calibration_samples/2026-06-15_05-23-00/sample_0064_cycle_01_pose_10_grid_10_j1_+0.00_j2_-1.05_j3_+0.85.jpg
65,1,11,grid_11_j1_+0.00_j2_-1.05_j3_+1.05,-0.10737865418195724,-0.9756118059158325,0.9295923709869385,-0.35281556844711304,-1.7626196495257318e-05,295,162,0.8550000667572022,0.9340606331825256,"[243.3228759765625, 125.88815307617188, 346.8056640625, 198.74105834960938]",src/CALIBRATION/robot_camera_calibration_samples/2026-06-15_05-23-00/sample_0065_cycle_01_pose_11_grid_11_j1_+0.00_j2_-1.05_j3_+1.05.jpg
66,1,11,grid_11_j1_+0.00_j2_-1.05_j3_+1.05,-0.08897088468074799,-0.9924855828285217,0.937262237071991,-0.35281556844711304,-1.7626196495257318e-05,304,149,0.8580000281333924,0.9393510818481445,"[255.0576171875, 112.71097564697266, 354.83575439453125, 186.35018920898438]",src/CALIBRATION/robot_camera_calibration_samples/2026-06-15_05-23-00/sample_0066_cycle_01_pose_11_grid_11_j1_+0.00_j2_-1.05_j3_+1.05.jpg
67,1,11,grid_11_j1_+0.00_j2_-1.05_j3_+1.05,-0.06902913749217987,-1.0047574043273926,0.9710098505020142,-0.35281556844711304,-1.7626196495257318e-05,307,147,0.8610000491142273,0.9446120858192444,"[257.77203369140625, 111.50285339355469, 357.84857177734375, 182.61878967285156]",src/CALIBRATION/robot_camera_calibration_samples/2026-06-15_05-23-00/sample_0067_cycle_01_pose_11_grid_11_j1_+0.00_j2_-1.05_j3_+1.05.jpg
68,1,11,grid_11_j1_+0.00_j2_-1.05_j3_+1.05,-0.0475534051656723,-1.0185632705688477,0.9955535531044006,-0.35281556844711304,-1.7626196495257318e-05,309,151,0.8620000362396241,0.9421651363372803,"[259.49871826171875, 115.46088409423828, 359.39324951171875, 187.0062255859375]",src/CALIBRATION/robot_camera_calibration_samples/2026-06-15_05-23-00/sample_0068_cycle_01_pose_11_grid_11_j1_+0.00_j2_-1.05_j3_+1.05.jpg
69,1,11,grid_11_j1_+0.00_j2_-1.05_j3_+1.05,-0.032213594764471054,-1.0308350324630737,1.0139613151550293,-0.35281556844711304,-1.7626196495257318e-05,311,153,0.8660000443458558,0.9417012929916382,"[261.2529296875, 117.30178833007812, 361.1177978515625, 189.80105590820312]",src/CALIBRATION/robot_camera_calibration_samples/2026-06-15_05-23-00/sample_0069_cycle_01_pose_11_grid_11_j1_+0.00_j2_-1.05_j3_+1.05.jpg
70,1,11,grid_11_j1_+0.00_j2_-1.05_j3_+1.05,-0.01073786523193121,-1.0446408987045288,1.0369709730148315,-0.35281556844711304,-1.7626196495257318e-05,312,154,0.8700000524520874,0.9411787986755371,"[262.2521057128906, 118.75410461425781, 362.0075988769531, 189.97947692871094]",src/CALIBRATION/robot_camera_calibration_samples/2026-06-15_05-23-00/sample_0070_cycle_01_pose_11_grid_11_j1_+0.00_j2_-1.05_j3_+1.05.jpg
71,1,11,grid_11_j1_+0.00_j2_-1.05_j3_+1.05,-0.0015339808305725455,-1.052310824394226,1.0492428541183472,-0.35281556844711304,-1.7626196495257318e-05,313,156,0.8710000395774842,0.9405372738838196,"[264.039794921875, 120.5512924194336, 363.1678466796875, 192.36117553710938]",src/CALIBRATION/robot_camera_calibration_samples/2026-06-15_05-23-00/sample_0071_cycle_01_pose_11_grid_11_j1_+0.00_j2_-1.05_j3_+1.05.jpg
72,1,12,grid_12_j1_+0.00_j2_-1.05_j3_+1.25,-0.0015339808305725455,-1.052310824394226,1.0492428541183472,-0.35281556844711304,-1.7626196495257318e-05,315,158,0.8720000267028809,0.9363182187080383,"[265.3704833984375, 122.24434661865234, 364.83404541015625, 194.33010864257812]",src/CALIBRATION/robot_camera_calibration_samples/2026-06-15_05-23-00/sample_0072_cycle_01_pose_12_grid_12_j1_+0.00_j2_-1.05_j3_+1.25.jpg
73,1,12,grid_12_j1_+0.00_j2_-1.05_j3_+1.25,-0.0015339808305725455,-1.052310824394226,1.0829904079437256,-0.35281556844711304,-1.7626196495257318e-05,315,157,0.8720000267028809,0.9387339353561401,"[265.3597412109375, 122.07840728759766, 364.8702392578125, 193.79434204101562]",src/CALIBRATION/robot_camera_calibration_samples/2026-06-15_05-23-00/sample_0073_cycle_01_pose_12_grid_12_j1_+0.00_j2_-1.05_j3_+1.25.jpg
74,1,12,grid_12_j1_+0.00_j2_-1.05_j3_+1.25,-0.0015339808305725455,-1.0507768392562866,1.1259418725967407,-0.35281556844711304,-1.7626196495257318e-05,314,162,0.8720000267028809,0.9443050026893616,"[265.16107177734375, 127.30431365966797, 364.75762939453125, 198.01727294921875]",src/CALIBRATION/robot_camera_calibration_samples/2026-06-15_05-23-00/sample_0074_cycle_01_pose_12_grid_12_j1_+0.00_j2_-1.05_j3_+1.25.jpg
75,1,12,grid_12_j1_+0.00_j2_-1.05_j3_+1.25,-0.0015339808305725455,-1.052310824394226,1.162757396697998,-0.35281556844711304,-1.7626196495257318e-05,314,168,0.8750000476837159,0.9314956068992615,"[264.96624755859375, 133.9697723388672, 364.0418701171875, 203.5495147705078]",src/CALIBRATION/robot_camera_calibration_samples/2026-06-15_05-23-00/sample_0075_cycle_01_pose_12_grid_12_j1_+0.00_j2_-1.05_j3_+1.25.jpg
76,1,12,grid_12_j1_+0.00_j2_-1.05_j3_+1.25,-0.0015339808305725455,-1.052310824394226,1.1995729207992554,-0.35281556844711304,-1.7626196495257318e-05,314,173,0.8700000524520874,0.9405257105827332,"[264.834228515625, 139.31060791015625, 363.54925537109375, 207.88217163085938]",src/CALIBRATION/robot_camera_calibration_samples/2026-06-15_05-23-00/sample_0076_cycle_01_pose_12_grid_12_j1_+0.00_j2_-1.05_j3_+1.25.jpg
77,1,12,grid_12_j1_+0.00_j2_-1.05_j3_+1.25,-0.0015339808305725455,-1.052310824394226,1.2333205938339233,-0.35281556844711304,-1.7626196495257318e-05,313,178,0.8750000476837159,0.9420545697212219,"[265.05499267578125, 143.5491943359375, 362.74078369140625, 213.50799560546875]",src/CALIBRATION/robot_camera_calibration_samples/2026-06-15_05-23-00/sample_0077_cycle_01_pose_12_grid_12_j1_+0.00_j2_-1.05_j3_+1.25.jpg
78,1,12,grid_12_j1_+0.00_j2_-1.05_j3_+1.25,-0.0015339808305725455,-1.052310824394226,1.2486603260040283,-0.35281556844711304,-1.7626196495257318e-05,314,184,0.8790000557899476,0.9323800206184387,"[265.28924560546875, 148.68057250976562, 363.0518798828125, 219.99453735351562]",src/CALIBRATION/robot_camera_calibration_samples/2026-06-15_05-23-00/sample_0078_cycle_01_pose_12_grid_12_j1_+0.00_j2_-1.05_j3_+1.25.jpg
79,1,13,grid_13_j1_+0.00_j2_-0.85_j3_+0.85,-0.0015339808305725455,-1.052310824394226,1.2486603260040283,-0.35281556844711304,-1.7626196495257318e-05,313,186,0.8780000686645508,0.9328170418739319,"[265.16192626953125, 150.44625854492188, 362.67572021484375, 222.80612182617188]",src/CALIBRATION/robot_camera_calibration_samples/2026-06-15_05-23-00/sample_0079_cycle_01_pose_13_grid_13_j1_+0.00_j2_-0.85_j3_+0.85.jpg
80,1,13,grid_13_j1_+0.00_j2_-0.85_j3_+0.85,-0.0015339808305725455,-1.023165225982666,1.1949710845947266,-0.35281556844711304,-1.7626196495257318e-05,313,186,0.8800000429153443,0.9325374364852905,"[265.16607666015625, 150.37631225585938, 362.632568359375, 222.75143432617188]",src/CALIBRATION/robot_camera_calibration_samples/2026-06-15_05-23-00/sample_0080_cycle_01_pose_13_grid_13_j1_+0.00_j2_-0.85_j3_+0.85.jpg
81,1,13,grid_13_j1_+0.00_j2_-0.85_j3_+0.85,-0.0015339808305725455,-0.977145791053772,1.101398229598999,-0.35281556844711304,-1.7626196495257318e-05,314,181,0.8730000138282776,0.9373463988304138,"[264.7862548828125, 145.97085571289062, 363.484619140625, 216.64013671875]",src/CALIBRATION/robot_camera_calibration_samples/2026-06-15_05-23-00/sample_0081_cycle_01_pose_13_grid_13_j1_+0.00_j2_-0.85_j3_+0.85.jpg
82,1,13,grid_13_j1_+0.00_j2_-0.85_j3_+0.85,-0.0015339808305725455,-0.9433981776237488,1.026233196258545,-0.35281556844711304,-1.7626196495257318e-05,314,171,0.8590000152587891,0.9342077970504761,"[264.447998046875, 137.3193359375, 364.7801513671875, 206.40185546875]",src/CALIBRATION/robot_camera_calibration_samples/2026-06-15_05-23-00/sample_0082_cycle_01_pose_13_grid_13_j1_+0.00_j2_-0.85_j3_+0.85.jpg
83,1,13,grid_13_j1_+0.00_j2_-0.85_j3_+0.85,-0.0015339808305725455,-0.905048668384552,0.9572039842605591,-0.35281556844711304,-1.7626196495257318e-05,315,163,0.8570000410079956,0.9431295990943909,"[264.39794921875, 128.03736877441406, 365.6444091796875, 199.45982360839844]",src/CALIBRATION/robot_camera_calibration_samples/2026-06-15_05-23-00/sample_0083_cycle_01_pose_13_grid_13_j1_+0.00_j2_-0.85_j3_+0.85.jpg
84,1,13,grid_13_j1_+0.00_j2_-0.85_j3_+0.85,-0.0015339808305725455,-0.8682331442832947,0.8851069211959839,-0.35281556844711304,-1.7626196495257318e-05,314,156,0.8540000200271607,0.9381151795387268,"[264.1451721191406, 120.0555191040039, 365.6770324707031, 193.56118774414062]",src/CALIBRATION/robot_camera_calibration_samples/2026-06-15_05-23-00/sample_0084_cycle_01_pose_13_grid_13_j1_+0.00_j2_-0.85_j3_+0.85.jpg
85,1,13,grid_13_j1_+0.00_j2_-0.85_j3_+0.85,-0.0015339808305725455,-0.8513593077659607,0.8482913970947266,-0.35281556844711304,-1.7626196495257318e-05,315,150,0.8510000586509705,0.9370872378349304,"[264.1781005859375, 113.67103576660156, 366.880859375, 188.0328826904297]",src/CALIBRATION/robot_camera_calibration_samples/2026-06-15_05-23-00/sample_0085_cycle_01_pose_13_grid_13_j1_+0.00_j2_-0.85_j3_+0.85.jpg
86,1,14,grid_14_j1_+0.00_j2_-0.85_j3_+1.05,-0.0015339808305725455,-0.8513593077659607,0.8482913970947266,-0.35281556844711304,-1.7626196495257318e-05,315,146,0.8490000247955323,0.9396390914916992,"[263.9555969238281, 109.5178451538086, 366.8105773925781, 183.48672485351562]",src/CALIBRATION/robot_camera_calibration_samples/2026-06-15_05-23-00/sample_0086_cycle_01_pose_14_grid_14_j1_+0.00_j2_-0.85_j3_+1.05.jpg
87,1,14,grid_14_j1_+0.00_j2_-0.85_j3_+1.05,-0.0015339808305725455,-0.8513593077659607,0.8636311888694763,-0.35281556844711304,-1.7626196495257318e-05,315,146,0.8480000376701355,0.9387322664260864,"[263.9790954589844, 109.50039672851562, 366.8661804199219, 183.6123046875]",src/CALIBRATION/robot_camera_calibration_samples/2026-06-15_05-23-00/sample_0087_cycle_01_pose_14_grid_14_j1_+0.00_j2_-0.85_j3_+1.05.jpg
88,1,14,grid_14_j1_+0.00_j2_-0.85_j3_+1.05,-0.0015339808305725455,-0.8528932929039001,0.9065826535224915,-0.35281556844711304,-1.7626196495257318e-05,315,148,0.850000011920929,0.9402359127998352,"[263.9523010253906, 110.7076644897461, 366.9017028808594, 185.61367797851562]",src/CALIBRATION/robot_camera_calibration_samples/2026-06-15_05-23-00/sample_0088_cycle_01_pose_14_grid_14_j1_+0.00_j2_-0.85_j3_+1.05.jpg
89,1,14,grid_14_j1_+0.00_j2_-0.85_j3_+1.05,-0.0015339808305725455,-0.8513593077659607,0.9464661478996277,-0.35281556844711304,-1.7626196495257318e-05,315,153,0.850000011920929,0.9372830390930176,"[263.8741455078125, 116.97991943359375, 366.73382568359375, 190.38589477539062]",src/CALIBRATION/robot_camera_calibration_samples/2026-06-15_05-23-00/sample_0089_cycle_01_pose_14_grid_14_j1_+0.00_j2_-0.85_j3_+1.05.jpg
90,1,14,grid_14_j1_+0.00_j2_-0.85_j3_+1.05,-0.0015339808305725455,-0.8528932929039001,0.9909515976905823,-0.35281556844711304,-1.7626196495257318e-05,315,159,0.850000011920929,0.9404758214950562,"[263.82647705078125, 122.46504974365234, 366.25384521484375, 195.69747924804688]",src/CALIBRATION/robot_camera_calibration_samples/2026-06-15_05-23-00/sample_0090_cycle_01_pose_14_grid_14_j1_+0.00_j2_-0.85_j3_+1.05.jpg
91,1,14,grid_14_j1_+0.00_j2_-0.85_j3_+1.05,-0.0015339808305725455,-0.8513593077659607,1.0277671813964844,-0.35281556844711304,-1.7626196495257318e-05,314,165,0.8520000457763672,0.9396383166313171,"[263.6729736328125, 129.60806274414062, 365.9786376953125, 202.06668090820312]",src/CALIBRATION/robot_camera_calibration_samples/2026-06-15_05-23-00/sample_0091_cycle_01_pose_14_grid_14_j1_+0.00_j2_-0.85_j3_+1.05.jpg
92,1,14,grid_14_j1_+0.00_j2_-0.85_j3_+1.05,-0.0015339808305725455,-0.8528932929039001,1.0492428541183472,-0.35281556844711304,-1.7626196495257318e-05,315,171,0.850000011920929,0.9363139271736145,"[264.110107421875, 136.05343627929688, 366.1943359375, 207.18597412109375]",src/CALIBRATION/robot_camera_calibration_samples/2026-06-15_05-23-00/sample_0092_cycle_01_pose_14_grid_14_j1_+0.00_j2_-0.85_j3_+1.05.jpg
93,1,15,grid_15_j1_+0.00_j2_-0.85_j3_+1.25,-0.0015339808305725455,-0.8528932929039001,1.0507768392562866,-0.35281556844711304,-1.7626196495257318e-05,314,175,0.8520000457763672,0.9421184062957764,"[264.0399169921875, 139.38714599609375, 365.7198486328125, 212.46310424804688]",src/CALIBRATION/robot_camera_calibration_samples/2026-06-15_05-23-00/sample_0093_cycle_01_pose_15_grid_15_j1_+0.00_j2_-0.85_j3_+1.25.jpg
94,1,15,grid_15_j1_+0.00_j2_-0.85_j3_+1.25,0.0,-0.85,1.25,-0.35,0.0,314,175,0.8520000457763672,0.9407991170883179,"[264.22137451171875, 139.42617797851562, 365.73175048828125, 212.39035034179688]",src/CALIBRATION/robot_camera_calibration_samples/2026-06-15_05-23-00/sample_0094_cycle_01_pose_15_grid_15_j1_+0.00_j2_-0.85_j3_+1.25.jpg
95,1,15,grid_15_j1_+0.00_j2_-0.85_j3_+1.25,-0.0015339808305725455,-0.8528932929039001,1.1581554412841797,-0.35281556844711304,-1.7626196495257318e-05,314,187,0.8570000410079956,0.9367417693138123,"[264.1601867675781, 149.049072265625, 365.1622619628906, 225.2432861328125]",src/CALIBRATION/robot_camera_calibration_samples/2026-06-15_05-23-00/sample_0095_cycle_01_pose_15_grid_15_j1_+0.00_j2_-0.85_j3_+1.25.jpg
96,1,15,grid_15_j1_+0.00_j2_-0.85_j3_+1.25,-0.0015339808305725455,-0.8528932929039001,1.193437099456787,-0.35281556844711304,-1.7626196495257318e-05,314,191,0.8540000200271607,0.9409884214401245,"[264.066650390625, 152.85513305664062, 365.05712890625, 229.89657592773438]",src/CALIBRATION/robot_camera_calibration_samples/2026-06-15_05-23-00/sample_0096_cycle_01_pose_15_grid_15_j1_+0.00_j2_-0.85_j3_+1.25.jpg
97,1,15,grid_15_j1_+0.00_j2_-0.85_j3_+1.25,-0.0015339808305725455,-0.8544272780418396,1.228718638420105,-0.35281556844711304,-1.7626196495257318e-05,314,194,0.8550000667572022,0.9245901107788086,"[263.97320556640625, 155.40760803222656, 364.84759521484375, 233.19972229003906]",src/CALIBRATION/robot_camera_calibration_samples/2026-06-15_05-23-00/sample_0097_cycle_01_pose_15_grid_15_j1_+0.00_j2_-0.85_j3_+1.25.jpg
98,1,15,grid_15_j1_+0.00_j2_-0.85_j3_+1.25,-0.0015339808305725455,-0.8544272780418396,1.2471263408660889,-0.35281556844711304,-1.7626196495257318e-05,314,201,0.8580000281333924,0.925380527973175,"[264.05230712890625, 161.9249267578125, 364.13519287109375, 242.005859375]",src/CALIBRATION/robot_camera_calibration_samples/2026-06-15_05-23-00/sample_0098_cycle_01_pose_15_grid_15_j1_+0.00_j2_-0.85_j3_+1.25.jpg
99,1,16,grid_16_j1_+0.00_j2_-0.65_j3_+0.85,-0.0015339808305725455,-0.8544272780418396,1.2471263408660889,-0.35281556844711304,-1.7626196495257318e-05,314,206,0.8590000152587891,0.899099588394165,"[264.32049560546875, 165.76821899414062, 364.39288330078125, 247.80615234375]",src/CALIBRATION/robot_camera_calibration_samples/2026-06-15_05-23-00/sample_0099_cycle_01_pose_16_grid_16_j1_+0.00_j2_-0.65_j3_+0.85.jpg
100,1,16,grid_16_j1_+0.00_j2_-0.65_j3_+0.85,-0.0015339808305725455,-0.8283496499061584,1.2011069059371948,-0.35281556844711304,-1.7626196495257318e-05,314,207,0.8610000491142273,0.9040572643280029,"[264.27294921875, 165.79232788085938, 364.271484375, 248.33193969726562]",src/CALIBRATION/robot_camera_calibration_samples/2026-06-15_05-23-00/sample_0100_cycle_01_pose_16_grid_16_j1_+0.00_j2_-0.65_j3_+0.85.jpg
101,1,16,grid_16_j1_+0.00_j2_-0.65_j3_+0.85,-0.0015339808305725455,-0.7823302149772644,1.1106021404266357,-0.35281556844711304,-1.7626196495257318e-05,314,202,0.8550000667572022,0.9213143587112427,"[264.01080322265625, 162.82998657226562, 364.39105224609375, 242.83306884765625]",src/CALIBRATION/robot_camera_calibration_samples/2026-06-15_05-23-00/sample_0101_cycle_01_pose_16_grid_16_j1_+0.00_j2_-0.65_j3_+0.85.jpg
102,1,16,grid_16_j1_+0.00_j2_-0.65_j3_+0.85,-0.0015339808305725455,-0.7455146908760071,1.0323690176010132,-0.35281556844711304,-1.7626196495257318e-05,314,191,0.8510000586509705,0.9460397362709045,"[263.5767822265625, 151.89959716796875, 365.508544921875, 231.042236328125]",src/CALIBRATION/robot_camera_calibration_samples/2026-06-15_05-23-00/sample_0102_cycle_01_pose_16_grid_16_j1_+0.00_j2_-0.65_j3_+0.85.jpg
103,1,16,grid_16_j1_+0.00_j2_-0.65_j3_+0.85,-0.0015339808305725455,-0.7102330923080444,0.9679418802261353,-0.35281556844711304,-1.7626196495257318e-05,315,185,0.850000011920929,0.9418162703514099,"[263.5281982421875, 146.8377685546875, 366.546630859375, 224.60107421875]",src/CALIBRATION/robot_camera_calibration_samples/2026-06-15_05-23-00/sample_0103_cycle_01_pose_16_grid_16_j1_+0.00_j2_-0.65_j3_+0.85.jpg
104,1,16,grid_16_j1_+0.00_j2_-0.65_j3_+0.85,-0.0015339808305725455,-0.6734175682067871,0.8912428617477417,-0.35281556844711304,-1.7626196495257318e-05,315,178,0.8350000262260437,0.9450196623802185,"[263.89117431640625, 140.53128051757812, 367.05047607421875, 217.16293334960938]",src/CALIBRATION/robot_camera_calibration_samples/2026-06-15_05-23-00/sample_0104_cycle_01_pose_16_grid_16_j1_+0.00_j2_-0.65_j3_+0.85.jpg
105,1,16,grid_16_j1_+0.00_j2_-0.65_j3_+0.85,-0.0015339808305725455,-0.6488738656044006,0.8482913970947266,-0.35281556844711304,-1.7626196495257318e-05,314,171,0.8280000567436219,0.9429098963737488,"[262.9769287109375, 133.39315795898438, 366.85430908203125, 209.09652709960938]",src/CALIBRATION/robot_camera_calibration_samples/2026-06-15_05-23-00/sample_0105_cycle_01_pose_16_grid_16_j1_+0.00_j2_-0.65_j3_+0.85.jpg
106,1,17,grid_17_j1_+0.00_j2_-0.65_j3_+1.05,-0.0015339808305725455,-0.6488738656044006,0.8482913970947266,-0.35281556844711304,-1.7626196495257318e-05,314,164,0.8200000405311585,0.9383060336112976,"[261.739501953125, 126.95037841796875, 366.28973388671875, 202.92587280273438]",src/CALIBRATION/robot_camera_calibration_samples/2026-06-15_05-23-00/sample_0106_cycle_01_pose_17_grid_17_j1_+0.00_j2_-0.65_j3_+1.05.jpg
107,1,17,grid_17_j1_+0.00_j2_-0.65_j3_+1.05,-0.0015339808305725455,-0.6488738656044006,0.8482913970947266,-0.35281556844711304,-1.7626196495257318e-05,313,165,0.8190000534057618,0.9384851455688477,"[261.7349548339844, 127.2413330078125, 365.7433166503906, 203.0101318359375]",src/CALIBRATION/robot_camera_calibration_samples/2026-06-15_05-23-00/sample_0107_cycle_01_pose_17_grid_17_j1_+0.00_j2_-0.65_j3_+1.05.jpg
108,1,17,grid_17_j1_+0.00_j2_-0.65_j3_+1.05,-0.0015339808305725455,-0.6488738656044006,0.8620972037315369,-0.35281556844711304,-1.7626196495257318e-05,313,165,0.8200000405311585,0.9394773244857788,"[261.604736328125, 127.36529541015625, 365.73681640625, 203.04959106445312]",src/CALIBRATION/robot_camera_calibration_samples/2026-06-15_05-23-00/sample_0108_cycle_01_pose_17_grid_17_j1_+0.00_j2_-0.65_j3_+1.05.jpg
109,1,17,grid_17_j1_+0.00_j2_-0.65_j3_+1.05,-0.0015339808305725455,-0.6488738656044006,0.905048668384552,-0.35281556844711304,-1.7626196495257318e-05,313,167,0.8230000615119935,0.9404441714286804,"[261.3067626953125, 128.89801025390625, 365.52001953125, 206.072509765625]",src/CALIBRATION/robot_camera_calibration_samples/2026-06-15_05-23-00/sample_0109_cycle_01_pose_17_grid_17_j1_+0.00_j2_-0.65_j3_+1.05.jpg
110,1,17,grid_17_j1_+0.00_j2_-0.65_j3_+1.05,-0.0015339808305725455,-0.6488738656044006,0.9464661478996277,-0.35281556844711304,-1.7626196495257318e-05,313,175,0.8300000309944153,0.9471587538719177,"[260.9331359863281, 136.8987579345703, 365.0991516113281, 213.1291046142578]",src/CALIBRATION/robot_camera_calibration_samples/2026-06-15_05-23-00/sample_0110_cycle_01_pose_17_grid_17_j1_+0.00_j2_-0.65_j3_+1.05.jpg
111,1,17,grid_17_j1_+0.00_j2_-0.65_j3_+1.05,-0.0015339808305725455,-0.6488738656044006,0.983281672000885,-0.35281556844711304,-1.7626196495257318e-05,312,181,0.8290000438690186,0.9464238882064819,"[261.1295166015625, 142.4615478515625, 364.6585693359375, 220.63934326171875]",src/CALIBRATION/robot_camera_calibration_samples/2026-06-15_05-23-00/sample_0111_cycle_01_pose_17_grid_17_j1_+0.00_j2_-0.65_j3_+1.05.jpg
112,1,17,grid_17_j1_+0.00_j2_-0.65_j3_+1.05,-0.0015339808305725455,-0.6504078507423401,1.0185632705688477,-0.35281556844711304,-1.7626196495257318e-05,312,187,0.8330000519752503,0.9494809508323669,"[260.83184814453125, 146.615234375, 364.05279541015625, 227.76724243164062]",src/CALIBRATION/robot_camera_calibration_samples/2026-06-15_05-23-00/sample_0112_cycle_01_pose_17_grid_17_j1_+0.00_j2_-0.65_j3_+1.05.jpg
113,1,18,grid_18_j1_+0.00_j2_-0.65_j3_+1.25,-0.0015339808305725455,-0.6488738656044006,1.0477088689804077,-0.35281556844711304,-1.7626196495257318e-05,312,190,0.834000039100647,0.9385669231414795,"[260.92742919921875, 150.64065551757812, 363.63311767578125, 229.84103393554688]",src/CALIBRATION/robot_camera_calibration_samples/2026-06-15_05-23-00/sample_0113_cycle_01_pose_18_grid_18_j1_+0.00_j2_-0.65_j3_+1.25.jpg
114,1,18,grid_18_j1_+0.00_j2_-0.65_j3_+1.25,-0.0015339808305725455,-0.6488738656044006,1.084524393081665,-0.35281556844711304,-1.7626196495257318e-05,311,195,0.8410000085830689,0.9251117706298828,"[260.7647705078125, 155.12142944335938, 363.0631103515625, 235.66702270507812]",src/CALIBRATION/robot_camera_calibration_samples/2026-06-15_05-23-00/sample_0114_cycle_01_pose_18_grid_18_j1_+0.00_j2_-0.65_j3_+1.25.jpg
115,1,18,grid_18_j1_+0.00_j2_-0.65_j3_+1.25,-0.0015339808305725455,-0.6504078507423401,1.119805932044983,-0.35281556844711304,-1.7626196495257318e-05,312,203,0.8460000634193421,0.902511477470398,"[260.82403564453125, 160.70889282226562, 363.29345703125, 246.22988891601562]",src/CALIBRATION/robot_camera_calibration_samples/2026-06-15_05-23-00/sample_0115_cycle_01_pose_18_grid_18_j1_+0.00_j2_-0.65_j3_+1.25.jpg
116,1,18,grid_18_j1_+0.00_j2_-0.65_j3_+1.25,-0.0015339808305725455,-0.6504078507423401,1.1581554412841797,-0.35281556844711304,-1.7626196495257318e-05,312,214,0.8510000586509705,0.8733969330787659,"[261.05352783203125, 167.52529907226562, 363.23614501953125, 261.0464172363281]",src/CALIBRATION/robot_camera_calibration_samples/2026-06-15_05-23-00/sample_0116_cycle_01_pose_18_grid_18_j1_+0.00_j2_-0.65_j3_+1.25.jpg
117,1,18,grid_18_j1_+0.00_j2_-0.65_j3_+1.25,-0.0015339808305725455,-0.6504078507423401,1.2195147275924683,-0.35281556844711304,-1.7626196495257318e-05,311,227,0.8540000200271607,0.9164171814918518,"[261.20916748046875, 173.27127075195312, 362.54949951171875, 281.007568359375]",src/CALIBRATION/robot_camera_calibration_samples/2026-06-15_05-23-00/sample_0117_cycle_01_pose_18_grid_18_j1_+0.00_j2_-0.65_j3_+1.25.jpg
118,1,18,grid_18_j1_+0.00_j2_-0.65_j3_+1.25,-0.0015339808305725455,-0.6504078507423401,1.2486603260040283,-0.35281556844711304,-1.7626196495257318e-05,311,232,0.8580000281333924,0.9085161089897156,"[261.6600341796875, 182.08782958984375, 361.772705078125, 282.8030700683594]",src/CALIBRATION/robot_camera_calibration_samples/2026-06-15_05-23-00/sample_0118_cycle_01_pose_18_grid_18_j1_+0.00_j2_-0.65_j3_+1.25.jpg
119,1,19,grid_19_j1_+0.55_j2_-1.05_j3_+0.85,-0.0015339808305725455,-0.6504078507423401,1.2471263408660889,-0.35281556844711304,-1.7626196495257318e-05,311,234,0.8600000619888306,0.9234932065010071,"[261.88623046875, 186.16806030273438, 361.5877685546875, 283.8211669921875]",src/CALIBRATION/robot_camera_calibration_samples/2026-06-15_05-23-00/sample_0119_cycle_01_pose_19_grid_19_j1_+0.55_j2_-1.05_j3_+0.85.jpg
120,1,19,grid_19_j1_+0.55_j2_-1.05_j3_+0.85,0.0782330185174942,-0.7117670774459839,1.1980390548706055,-0.35281556844711304,-1.7626196495257318e-05,311,235,0.8590000152587891,0.9228662848472595,"[261.94195556640625, 186.4029541015625, 361.57769775390625, 283.9901428222656]",src/CALIBRATION/robot_camera_calibration_samples/2026-06-15_05-23-00/sample_0120_cycle_01_pose_19_grid_19_j1_+0.55_j2_-1.05_j3_+0.85.jpg
121,1,19,grid_19_j1_+0.55_j2_-1.05_j3_+0.85,0.17794176936149597,-0.7838642001152039,1.1213399171829224,-0.35281556844711304,-1.7626196495257318e-05,318,218,0.8550000667572022,0.9125785231590271,"[268.58355712890625, 173.24685668945312, 368.7447509765625, 262.81231689453125]",src/CALIBRATION/robot_camera_calibration_samples/2026-06-15_05-23-00/sample_0121_cycle_01_pose_19_grid_19_j1_+0.55_j2_-1.05_j3_+0.85.jpg
122,1,19,grid_19_j1_+0.55_j2_-1.05_j3_+0.85,0.2761165499687195,-0.8544272780418396,1.055378794670105,-0.35281556844711304,-1.7626196495257318e-05,328,193,0.853000032901764,0.9293522834777832,"[276.734619140625, 154.60777282714844, 379.45733642578125, 231.6418914794922]",src/CALIBRATION/robot_camera_calibration_samples/2026-06-15_05-23-00/sample_0122_cycle_01_pose_19_grid_19_j1_+0.55_j2_-1.05_j3_+0.85.jpg
123,1,19,grid_19_j1_+0.55_j2_-1.05_j3_+0.85,0.37275734543800354,-0.9265244007110596,0.9786797165870667,-0.35281556844711304,-1.7626196495257318e-05,335,176,0.8510000586509705,0.9303135871887207,"[275.62225341796875, 139.69473266601562, 395.20831298828125, 213.761962890625]",src/CALIBRATION/robot_camera_calibration_samples/2026-06-15_05-23-00/sample_0123_cycle_01_pose_19_grid_19_j1_+0.55_j2_-1.05_j3_+0.85.jpg
124,1,19,grid_19_j1_+0.55_j2_-1.05_j3_+0.85,0.47093209624290466,-0.9970875382423401,0.9035146832466125,-0.35281556844711304,-1.7626196495257318e-05,350,157,0.8610000491142273,0.9130749106407166,"[295.86346435546875, 121.48894500732422, 405.74713134765625, 194.50885009765625]",src/CALIBRATION/robot_camera_calibration_samples/2026-06-15_05-23-00/sample_0124_cycle_01_pose_19_grid_19_j1_+0.55_j2_-1.05_j3_+0.85.jpg
125,1,19,grid_19_j1_+0.55_j2_-1.05_j3_+0.85,0.552233099937439,-1.0569127798080444,0.8482913970947266,-0.35281556844711304,-1.7626196495257318e-05,354,143,0.8150000452995301,0.9257209897041321,"[296.0594787597656, 107.09916687011719, 411.9844665527344, 179.26390075683594]",src/CALIBRATION/robot_camera_calibration_samples/2026-06-15_05-23-00/sample_0125_cycle_01_pose_19_grid_19_j1_+0.55_j2_-1.05_j3_+0.85.jpg
126,1,20,grid_20_j1_+0.55_j2_-1.05_j3_+1.05,0.5506991147994995,-1.0538448095321655,0.8482913970947266,-0.35281556844711304,-1.7626196495257318e-05,355,130,0.8070000290870667,0.9319623708724976,"[298.99273681640625, 96.72977447509766, 412.01763916015625, 163.97335815429688]",src/CALIBRATION/robot_camera_calibration_samples/2026-06-15_05-23-00/sample_0126_cycle_01_pose_20_grid_20_j1_+0.55_j2_-1.05_j3_+1.05.jpg
127,1,20,grid_20_j1_+0.55_j2_-1.05_j3_+1.05,0.5491651296615601,-1.0538448095321655,0.8636311888694763,-0.35281556844711304,-1.7626196495257318e-05,355,130,0.8100000500679017,0.9344590306282043,"[298.92938232421875, 96.78128051757812, 412.05364990234375, 163.5916748046875]",src/CALIBRATION/robot_camera_calibration_samples/2026-06-15_05-23-00/sample_0127_cycle_01_pose_20_grid_20_j1_+0.55_j2_-1.05_j3_+1.05.jpg
128,1,20,grid_20_j1_+0.55_j2_-1.05_j3_+1.05,0.5491651296615601,-1.052310824394226,0.9081166386604309,-0.35281556844711304,-1.7626196495257318e-05,356,132,0.8040000081062317,0.9349308609962463,"[299.7126159667969, 99.21062469482422, 413.2481994628906, 166.4921875]",src/CALIBRATION/robot_camera_calibration_samples/2026-06-15_05-23-00/sample_0128_cycle_01_pose_20_grid_20_j1_+0.55_j2_-1.05_j3_+1.05.jpg
129,1,20,grid_20_j1_+0.55_j2_-1.05_j3_+1.05,0.5476311445236206,-1.0538448095321655,0.9449321627616882,-0.35281556844711304,-1.7626196495257318e-05,357,139,0.8040000081062317,0.9234805107116699,"[300.65423583984375, 105.62615966796875, 414.56402587890625, 174.32095336914062]",src/CALIBRATION/robot_camera_calibration_samples/2026-06-15_05-23-00/sample_0129_cycle_01_pose_20_grid_20_j1_+0.55_j2_-1.05_j3_+1.05.jpg
130,1,20,grid_20_j1_+0.55_j2_-1.05_j3_+1.05,0.5476311445236206,-1.0538448095321655,0.9449321627616882,-0.35281556844711304,-1.7626196495257318e-05,358,143,0.8130000114440918,0.9293331503868103,"[300.97503662109375, 110.0115966796875, 415.19122314453125, 176.69815063476562]",src/CALIBRATION/robot_camera_calibration_samples/2026-06-15_05-23-00/sample_0130_cycle_01_pose_20_grid_20_j1_+0.55_j2_-1.05_j3_+1.05.jpg
131,1,20,grid_20_j1_+0.55_j2_-1.05_j3_+1.05,0.5491651296615601,-1.052310824394226,1.0507768392562866,-0.35281556844711304,-1.7626196495257318e-05,358,154,0.8140000581741333,0.9151886105537415,"[301.6325988769531, 119.23536682128906, 415.8473205566406, 190.0292510986328]",src/CALIBRATION/robot_camera_calibration_samples/2026-06-15_05-23-00/sample_0131_cycle_01_pose_20_grid_20_j1_+0.55_j2_-1.05_j3_+1.05.jpg
132,1,21,grid_21_j1_+0.55_j2_-1.05_j3_+1.25,0.5491651296615601,-1.052310824394226,1.0507768392562866,-0.35281556844711304,-1.7626196495257318e-05,358,157,0.8270000100135804,0.9184593558311462,"[301.270751953125, 121.98796081542969, 415.99810791015625, 192.24949645996094]",src/CALIBRATION/robot_camera_calibration_samples/2026-06-15_05-23-00/sample_0132_cycle_01_pose_21_grid_21_j1_+0.55_j2_-1.05_j3_+1.25.jpg
133,1,21,grid_21_j1_+0.55_j2_-1.05_j3_+1.25,0.5491651296615601,-1.052310824394226,1.0768544673919678,-0.35281556844711304,-1.7626196495257318e-05,358,157,0.8250000357627869,0.9178863167762756,"[301.3140869140625, 122.05404663085938, 415.9942626953125, 192.18710327148438]",src/CALIBRATION/robot_camera_calibration_samples/2026-06-15_05-23-00/sample_0133_cycle_01_pose_21_grid_21_j1_+0.55_j2_-1.05_j3_+1.25.jpg
134,1,21,grid_21_j1_+0.55_j2_-1.05_j3_+1.25,0.5491651296615601,-1.052310824394226,1.116737961769104,-0.35281556844711304,-1.7626196495257318e-05,359,160,0.850000011920929,0.9306997656822205,"[303.3048095703125, 125.89508819580078, 415.91033935546875, 195.7784423828125]",src/CALIBRATION/robot_camera_calibration_samples/2026-06-15_05-23-00/sample_0134_cycle_01_pose_21_grid_21_j1_+0.55_j2_-1.05_j3_+1.25.jpg
135,1,21,grid_21_j1_+0.55_j2_-1.05_j3_+1.25,0.5491651296615601,-1.052310824394226,1.1750292778015137,-0.35281556844711304,-1.7626196495257318e-05,359,167,0.8820000171661377,0.9395700097084045,"[303.19268798828125, 133.15530395507812, 415.61419677734375, 202.40866088867188]",src/CALIBRATION/robot_camera_calibration_samples/2026-06-15_05-23-00/sample_0135_cycle_01_pose_21_grid_21_j1_+0.55_j2_-1.05_j3_+1.25.jpg
136,1,21,grid_21_j1_+0.55_j2_-1.05_j3_+1.25,0.5491651296615601,-1.052310824394226,1.211844801902771,-0.35281556844711304,-1.7626196495257318e-05,360,174,0.8870000123977662,0.9285714030265808,"[306.6324157714844, 139.34127807617188, 415.0720520019531, 210.59243774414062]",src/CALIBRATION/robot_camera_calibration_samples/2026-06-15_05-23-00/sample_0136_cycle_01_pose_21_grid_21_j1_+0.55_j2_-1.05_j3_+1.25.jpg
137,1,21,grid_21_j1_+0.55_j2_-1.05_j3_+1.25,0.5491651296615601,-1.052310824394226,1.2486603260040283,-0.35281556844711304,-1.7626196495257318e-05,361,180,0.8850000381469727,0.935032308101654,"[307.77349853515625, 144.60342407226562, 414.44976806640625, 217.13290405273438]",src/CALIBRATION/robot_camera_calibration_samples/2026-06-15_05-23-00/sample_0137_cycle_01_pose_21_grid_21_j1_+0.55_j2_-1.05_j3_+1.25.jpg
138,1,22,grid_22_j1_+0.55_j2_-0.85_j3_+0.85,0.5491651296615601,-1.052310824394226,1.2471263408660889,-0.35281556844711304,-1.7626196495257318e-05,360,186,0.8890000462532044,0.9278954267501831,"[307.9212646484375, 150.08428955078125, 414.03326416015625, 223.417236328125]",src/CALIBRATION/robot_camera_calibration_samples/2026-06-15_05-23-00/sample_0138_cycle_01_pose_22_grid_22_j1_+0.55_j2_-0.85_j3_+0.85.jpg
139,1,22,grid_22_j1_+0.55_j2_-0.85_j3_+0.85,0.5491651296615601,-0.977145791053772,1.101398229598999,-0.35281556844711304,-1.7626196495257318e-05,361,186,0.8910000205039978,0.9288716912269592,"[307.95379638671875, 149.99658203125, 414.07012939453125, 223.44158935546875]",src/CALIBRATION/robot_camera_calibration_samples/2026-06-15_05-23-00/sample_0139_cycle_01_pose_22_grid_22_j1_+0.55_j2_-0.85_j3_+0.85.jpg
140,1,22,grid_22_j1_+0.55_j2_-0.85_j3_+0.85,0.5491651296615601,-0.9142525792121887,0.977145791053772,-0.35281556844711304,-1.7626196495257318e-05,364,171,0.8820000171661377,0.9074792265892029,"[311.0920104980469, 136.16001892089844, 418.8435363769531, 206.84523010253906]",src/CALIBRATION/robot_camera_calibration_samples/2026-06-15_05-23-00/sample_0140_cycle_01_pose_22_grid_22_j1_+0.55_j2_-0.85_j3_+0.85.jpg
141,1,22,grid_22_j1_+0.55_j2_-0.85_j3_+0.85,0.5491651296615601,-0.8513593077659607,0.8544272780418396,-0.35281556844711304,-1.7626196495257318e-05,366,157,0.8510000586509705,0.9233087301254272,"[309.7583312988281, 121.61349487304688, 423.1318054199219, 193.41488647460938]",src/CALIBRATION/robot_camera_calibration_samples/2026-06-15_05-23-00/sample_0141_cycle_01_pose_22_grid_22_j1_+0.55_j2_-0.85_j3_+0.85.jpg
142,1,23,grid_23_j1_+0.55_j2_-0.85_j3_+1.05,0.5491651296615601,-0.8513593077659607,0.8482913970947266,-0.35281556844711304,-1.7626196495257318e-05,369,145,0.803000020980835,0.9180480241775513,"[311.06451416015625, 109.74386596679688, 427.43304443359375, 181.7794189453125]",src/CALIBRATION/robot_camera_calibration_samples/2026-06-15_05-23-00/sample_0142_cycle_01_pose_23_grid_23_j1_+0.55_j2_-0.85_j3_+1.05.jpg
143,1,23,grid_23_j1_+0.55_j2_-0.85_j3_+1.05,0.5491651296615601,-0.8513593077659607,0.8666991591453552,-0.35281556844711304,-1.7626196495257318e-05,369,145,0.7940000176429749,0.9278325438499451,"[311.0703125, 109.0163803100586, 427.459228515625, 181.37991333007812]",src/CALIBRATION/robot_camera_calibration_samples/2026-06-15_05-23-00/sample_0143_cycle_01_pose_23_grid_23_j1_+0.55_j2_-0.85_j3_+1.05.jpg
144,1,23,grid_23_j1_+0.55_j2_-0.85_j3_+1.05,0.5491651296615601,-0.8513593077659607,0.9111846089363098,-0.3543495535850525,-1.7626196495257318e-05,369,148,0.7940000176429749,0.9086478352546692,"[311.10150146484375, 111.74443817138672, 427.5487060546875, 184.7017822265625]",src/CALIBRATION/robot_camera_calibration_samples/2026-06-15_05-23-00/sample_0144_cycle_01_pose_23_grid_23_j1_+0.55_j2_-0.85_j3_+1.05.jpg
145,1,23,grid_23_j1_+0.55_j2_-0.85_j3_+1.05,0.5491651296615601,-0.8528932929039001,0.951068103313446,-0.3543495535850525,-1.7626196495257318e-05,371,153,0.8520000457763672,0.8567315340042114,"[315.07855224609375, 117.42692565917969, 427.08477783203125, 190.37449645996094]",src/CALIBRATION/robot_camera_calibration_samples/2026-06-15_05-23-00/sample_0145_cycle_01_pose_23_grid_23_j1_+0.55_j2_-0.85_j3_+1.05.jpg
146,1,23,grid_23_j1_+0.55_j2_-0.85_j3_+1.05,0.5491651296615601,-0.8513593077659607,0.9894176125526428,-0.3543495535850525,-1.7626196495257318e-05,371,159,0.8750000476837159,0.9140634536743164,"[315.15673828125, 123.06539154052734, 426.9468994140625, 196.13009643554688]",src/CALIBRATION/robot_camera_calibration_samples/2026-06-15_05-23-00/sample_0146_cycle_01_pose_23_grid_23_j1_+0.55_j2_-0.85_j3_+1.05.jpg
147,1,23,grid_23_j1_+0.55_j2_-0.85_j3_+1.05,0.5491651296615601,-0.8528932929039001,1.0323690176010132,-0.3543495535850525,-1.7626196495257318e-05,370,165,0.8780000686645508,0.9177969098091125,"[315.65533447265625, 129.2675018310547, 425.9757080078125, 201.49745178222656]",src/CALIBRATION/robot_camera_calibration_samples/2026-06-15_05-23-00/sample_0147_cycle_01_pose_23_grid_23_j1_+0.55_j2_-0.85_j3_+1.05.jpg
148,1,24,grid_24_j1_+0.55_j2_-0.85_j3_+1.25,0.5491651296615601,-0.8513593077659607,1.0492428541183472,-0.35281556844711304,-1.7626196495257318e-05,371,171,0.8610000491142273,0.8849610686302185,"[318.94140625, 135.78970336914062, 424.336181640625, 207.91323852539062]",src/CALIBRATION/robot_camera_calibration_samples/2026-06-15_05-23-00/sample_0148_cycle_01_pose_24_grid_24_j1_+0.55_j2_-0.85_j3_+1.25.jpg
149,1,24,grid_24_j1_+0.55_j2_-0.85_j3_+1.25,0.5491651296615601,-0.8513593077659607,1.0799224376678467,-0.35281556844711304,-1.7626196495257318e-05,370,175,0.865000057220459,0.919161319732666,"[316.2462158203125, 138.52340698242188, 424.13134765625, 211.90261840820312]",src/CALIBRATION/robot_camera_calibration_samples/2026-06-15_05-23-00/sample_0149_cycle_01_pose_24_grid_24_j1_+0.55_j2_-0.85_j3_+1.25.jpg
150,1,24,grid_24_j1_+0.55_j2_-0.85_j3_+1.25,0.5491651296615601,-0.8528932929039001,1.116737961769104,-0.3543495535850525,-1.7626196495257318e-05,369,180,0.8720000267028809,0.9316819310188293,"[315.037841796875, 143.21835327148438, 423.0428466796875, 217.20205688476562]",src/CALIBRATION/robot_camera_calibration_samples/2026-06-15_05-23-00/sample_0150_cycle_01_pose_24_grid_24_j1_+0.55_j2_-0.85_j3_+1.25.jpg
151,1,24,grid_24_j1_+0.55_j2_-0.85_j3_+1.25,0.5491651296615601,-0.8528932929039001,1.1489516496658325,-0.35281556844711304,-1.7626196495257318e-05,366,185,0.8790000557899476,0.9371347427368164,"[311.5949401855469, 147.64321899414062, 422.2377014160156, 224.24569702148438]",src/CALIBRATION/robot_camera_calibration_samples/2026-06-15_05-23-00/sample_0151_cycle_01_pose_24_grid_24_j1_+0.55_j2_-0.85_j3_+1.25.jpg
152,1,24,grid_24_j1_+0.55_j2_-0.85_j3_+1.25,0.5491651296615601,-0.8528932929039001,1.2225826978683472,-0.35281556844711304,-1.7626196495257318e-05,365,190,0.8800000429153443,0.9462615847587585,"[309.95855712890625, 151.53219604492188, 420.17315673828125, 229.35891723632812]",src/CALIBRATION/robot_camera_calibration_samples/2026-06-15_05-23-00/sample_0152_cycle_01_pose_24_grid_24_j1_+0.55_j2_-0.85_j3_+1.25.jpg
153,1,24,grid_24_j1_+0.55_j2_-0.85_j3_+1.25,0.5491651296615601,-0.8544272780418396,1.2471263408660889,-0.35281556844711304,-1.7626196495257318e-05,363,203,0.881000030040741,0.9128607511520386,"[310.01031494140625, 162.18179321289062, 416.60272216796875, 244.4874267578125]",src/CALIBRATION/robot_camera_calibration_samples/2026-06-15_05-23-00/sample_0153_cycle_01_pose_24_grid_24_j1_+0.55_j2_-0.85_j3_+1.25.jpg
154,1,25,grid_25_j1_+0.55_j2_-0.65_j3_+0.85,0.5491651296615601,-0.8544272780418396,1.2486603260040283,-0.35281556844711304,-1.7626196495257318e-05,361,207,0.8780000686645508,0.9399136304855347,"[307.25177001953125, 165.57467651367188, 415.53509521484375, 249.97897338867188]",src/CALIBRATION/robot_camera_calibration_samples/2026-06-15_05-23-00/sample_0154_cycle_01_pose_25_grid_25_j1_+0.55_j2_-0.65_j3_+0.85.jpg
155,1,25,grid_25_j1_+0.55_j2_-0.65_j3_+0.85,0.5491651296615601,-0.8191457390785217,1.1811652183532715,-0.35281556844711304,-1.7626196495257318e-05,361,207,0.8760000348091126,0.9411812424659729,"[306.4930725097656, 165.5548858642578, 415.9136657714844, 250.0364532470703]",src/CALIBRATION/robot_camera_calibration_samples/2026-06-15_05-23-00/sample_0155_cycle_01_pose_25_grid_25_j1_+0.55_j2_-0.65_j3_+0.85.jpg
156,1,25,grid_25_j1_+0.55_j2_-0.65_j3_+0.85,0.5491651296615601,-0.7853981852531433,1.1121361255645752,-0.35281556844711304,-1.7626196495257318e-05,365,199,0.8730000138282776,0.9169653654098511,"[311.73828125, 159.46665954589844, 418.3118896484375, 240.10877990722656]",src/CALIBRATION/robot_camera_calibration_samples/2026-06-15_05-23-00/sample_0156_cycle_01_pose_25_grid_25_j1_+0.55_j2_-0.65_j3_+0.85.jpg
157,1,25,grid_25_j1_+0.55_j2_-0.65_j3_+0.85,0.5491651296615601,-0.7439807057380676,1.026233196258545,-0.35281556844711304,-1.7626196495257318e-05,368,192,0.8780000686645508,0.9340305924415588,"[314.0994873046875, 153.35179138183594, 422.966064453125, 232.0926971435547]",src/CALIBRATION/robot_camera_calibration_samples/2026-06-15_05-23-00/sample_0157_cycle_01_pose_25_grid_25_j1_+0.55_j2_-0.65_j3_+0.85.jpg
158,1,25,grid_25_j1_+0.55_j2_-0.65_j3_+0.85,0.5491651296615601,-0.6964272856712341,0.9387962222099304,-0.3543495535850525,-1.7626196495257318e-05,372,184,0.8730000138282776,0.9462229609489441,"[316.60223388671875, 145.3431396484375, 427.85260009765625, 223.44036865234375]",src/CALIBRATION/robot_camera_calibration_samples/2026-06-15_05-23-00/sample_0158_cycle_01_pose_25_grid_25_j1_+0.55_j2_-0.65_j3_+0.85.jpg
159,1,25,grid_25_j1_+0.55_j2_-0.65_j3_+0.85,0.5491651296615601,-0.6580777764320374,0.859029233455658,-0.35281556844711304,-1.7626196495257318e-05,376,175,0.853000032901764,0.9225848317146301,"[319.909912109375, 137.0777587890625, 432.319091796875, 212.938232421875]",src/CALIBRATION/robot_camera_calibration_samples/2026-06-15_05-23-00/sample_0159_cycle_01_pose_25_grid_25_j1_+0.55_j2_-0.65_j3_+0.85.jpg
160,1,26,grid_26_j1_+0.55_j2_-0.65_j3_+1.05,0.5491651296615601,-0.6519418358802795,0.8482913970947266,-0.35281556844711304,-1.7626196495257318e-05,381,167,0.8410000085830689,0.9096897840499878,"[326.2100830078125, 130.51373291015625, 436.4254150390625, 205.4776611328125]",src/CALIBRATION/robot_camera_calibration_samples/2026-06-15_05-23-00/sample_0160_cycle_01_pose_26_grid_26_j1_+0.55_j2_-0.65_j3_+1.05.jpg
161,1,26,grid_26_j1_+0.55_j2_-0.65_j3_+1.05,0.5491651296615601,-0.6504078507423401,0.8728350400924683,-0.35281556844711304,-1.7626196495257318e-05,382,166,0.8360000133514405,0.8839174509048462,"[328.1241455078125, 129.35433959960938, 437.37847900390625, 204.27456665039062]",src/CALIBRATION/robot_camera_calibration_samples/2026-06-15_05-23-00/sample_0161_cycle_01_pose_26_grid_26_j1_+0.55_j2_-0.65_j3_+1.05.jpg
162,1,26,grid_26_j1_+0.55_j2_-0.65_j3_+1.05,0.5491651296615601,-0.6504078507423401,0.9203884601593018,-0.35281556844711304,-1.7626196495257318e-05,380,169,0.8430000424385071,0.9116599559783936,"[324.00244140625, 131.76992797851562, 436.55621337890625, 207.61141967773438]",src/CALIBRATION/robot_camera_calibration_samples/2026-06-15_05-23-00/sample_0162_cycle_01_pose_26_grid_26_j1_+0.55_j2_-0.65_j3_+1.05.jpg
163,1,26,grid_26_j1_+0.55_j2_-0.65_j3_+1.05,0.5491651296615601,-0.6519418358802795,0.960271954536438,-0.35281556844711304,-1.7626196495257318e-05,376,177,0.850000011920929,0.9422481060028076,"[319.79876708984375, 138.49722290039062, 434.19219970703125, 216.64932250976562]",src/CALIBRATION/robot_camera_calibration_samples/2026-06-15_05-23-00/sample_0163_cycle_01_pose_26_grid_26_j1_+0.55_j2_-0.65_j3_+1.05.jpg
164,1,26,grid_26_j1_+0.55_j2_-0.65_j3_+1.05,0.5491651296615601,-0.6504078507423401,0.9970875382423401,-0.35281556844711304,-1.7626196495257318e-05,376,184,0.8620000362396241,0.9495905637741089,"[320.07061767578125, 144.80264282226562, 433.10211181640625, 225.09762573242188]",src/CALIBRATION/robot_camera_calibration_samples/2026-06-15_05-23-00/sample_0164_cycle_01_pose_26_grid_26_j1_+0.55_j2_-0.65_j3_+1.05.jpg
165,1,26,grid_26_j1_+0.55_j2_-0.65_j3_+1.05,0.5491651296615601,-0.6519418358802795,1.0339030027389526,-0.35281556844711304,-1.7626196495257318e-05,375,190,0.8600000619888306,0.932424783706665,"[319.168212890625, 149.83706665039062, 431.8934326171875, 231.68569946289062]",src/CALIBRATION/robot_camera_calibration_samples/2026-06-15_05-23-00/sample_0165_cycle_01_pose_26_grid_26_j1_+0.55_j2_-0.65_j3_+1.05.jpg
166,1,26,grid_26_j1_+0.55_j2_-0.65_j3_+1.05,0.5491651296615601,-0.6519418358802795,1.0507768392562866,-0.35281556844711304,-1.7626196495257318e-05,373,195,0.8560000538825989,0.9390098452568054,"[319.1038818359375, 155.69564819335938, 428.77044677734375, 235.81271362304688]",src/CALIBRATION/robot_camera_calibration_samples/2026-06-15_05-23-00/sample_0166_cycle_01_pose_26_grid_26_j1_+0.55_j2_-0.65_j3_+1.05.jpg
167,1,27,grid_27_j1_+0.55_j2_-0.65_j3_+1.25,0.5491651296615601,-0.6504078507423401,1.0492428541183472,-0.35281556844711304,-1.7626196495257318e-05,373,200,0.8520000457763672,0.9420620203018188,"[318.62261962890625, 158.52130126953125, 428.18792724609375, 242.19329833984375]",src/CALIBRATION/robot_camera_calibration_samples/2026-06-15_05-23-00/sample_0167_cycle_01_pose_27_grid_27_j1_+0.55_j2_-0.65_j3_+1.25.jpg
168,1,27,grid_27_j1_+0.55_j2_-0.65_j3_+1.25,0.5491651296615601,-0.6519418358802795,1.0860583782196045,-0.35281556844711304,-1.7626196495257318e-05,373,200,0.8540000200271607,0.9424369931221008,"[318.49261474609375, 158.40414428710938, 428.231689453125, 242.20538330078125]",src/CALIBRATION/robot_camera_calibration_samples/2026-06-15_05-23-00/sample_0168_cycle_01_pose_27_grid_27_j1_+0.55_j2_-0.65_j3_+1.25.jpg
169,1,27,grid_27_j1_+0.55_j2_-0.65_j3_+1.25,0.5491651296615601,-0.6504078507423401,1.1244078874588013,-0.35281556844711304,-1.7626196495257318e-05,372,206,0.8620000362396241,0.9533537030220032,"[319.2684326171875, 163.02423095703125, 426.6051025390625, 250.36346435546875]",src/CALIBRATION/robot_camera_calibration_samples/2026-06-15_05-23-00/sample_0169_cycle_01_pose_27_grid_27_j1_+0.55_j2_-0.65_j3_+1.25.jpg
170,1,27,grid_27_j1_+0.55_j2_-0.65_j3_+1.25,0.5491651296615601,-0.6519418358802795,1.1581554412841797,-0.35281556844711304,-1.7626196495257318e-05,371,212,0.8640000104904175,0.9479021430015564,"[317.47906494140625, 167.60260009765625, 425.23748779296875, 256.9774475097656]",src/CALIBRATION/robot_camera_calibration_samples/2026-06-15_05-23-00/sample_0170_cycle_01_pose_27_grid_27_j1_+0.55_j2_-0.65_j3_+1.25.jpg
171,1,27,grid_27_j1_+0.55_j2_-0.65_j3_+1.25,0.5491651296615601,-0.6519418358802795,1.1919031143188477,-0.35281556844711304,-1.7626196495257318e-05,369,218,0.8750000476837159,0.928518533706665,"[316.11810302734375, 173.79208374023438, 422.29510498046875, 262.5783386230469]",src/CALIBRATION/robot_camera_calibration_samples/2026-06-15_05-23-00/sample_0171_cycle_01_pose_27_grid_27_j1_+0.55_j2_-0.65_j3_+1.25.jpg
172,1,27,grid_27_j1_+0.55_j2_-0.65_j3_+1.25,0.5491651296615601,-0.6519418358802795,1.2271846532821655,-0.35281556844711304,-1.7626196495257318e-05,369,223,0.8800000429153443,0.9146773815155029,"[318.7608642578125, 177.88052368164062, 421.1634521484375, 268.7698669433594]",src/CALIBRATION/robot_camera_calibration_samples/2026-06-15_05-23-00/sample_0172_cycle_01_pose_27_grid_27_j1_+0.55_j2_-0.65_j3_+1.25.jpg
173,1,27,grid_27_j1_+0.55_j2_-0.65_j3_+1.25,0.5491651296615601,-0.6519418358802795,1.2486603260040283,-0.35281556844711304,-1.7626196495257318e-05,362,229,0.8760000348091126,0.9287938475608826,"[305.4798583984375, 184.05816650390625, 418.7984619140625, 275.9381408691406]",src/CALIBRATION/robot_camera_calibration_samples/2026-06-15_05-23-00/sample_0173_cycle_01_pose_27_grid_27_j1_+0.55_j2_-0.65_j3_+1.25.jpg
